ts_code,trade_date,pre_close,open,high,low,close,change,pct_chg,vol,amount
159557.SZ,20240522,0.957,0.965,0.979,0.96,0.964,0.007,0.7315,823430.84,79885.38
159557.SZ,20240523,0.964,0.96,0.96,0.921,0.95,-0.014,-1.4523,347858.52,33097.397
159557.SZ,20240524,0.95,0.94,0.94,0.9,0.911,-0.039,-4.1053,225079.21,20665.969
159557.SZ,20240527,0.911,0.911,0.932,0.898,0.93,0.019,2.0856,390003.31,35704.235
159557.SZ,20240528,0.93,0.937,0.956,0.922,0.931,0.001,0.1075,192490.71,18100.061
159557.SZ,20240529,0.931,0.931,0.931,0.911,0.913,-0.018,-1.9334,100625.45,9248.631
159557.SZ,20240530,0.913,0.913,0.923,0.908,0.909,-0.004,-0.4381,86550.0,7921.52
159557.SZ,20240531,0.909,0.919,0.935,0.912,0.913,0.004,0.44,163471.58,15094.572
159557.SZ,20240603,0.913,0.911,0.92,0.903,0.908,-0.005,-0.5476,74506.13,6788.455
159557.SZ,20240604,0.908,0.907,0.935,0.907,0.931,0.023,2.533,312025.78,28863.484
159557.SZ,20240605,0.931,0.931,0.948,0.931,0.932,0.001,0.1074,258362.19,24281.264
159557.SZ,20240606,0.932,0.945,0.949,0.928,0.931,-0.001,-0.1073,61697.71,5802.686
159557.SZ,20240607,0.931,0.931,0.941,0.929,0.929,-0.002,-0.2148,72412.3,6760.31
159557.SZ,20240611,0.929,0.925,0.929,0.912,0.916,-0.013,-1.3994,62827.0,5757.682
159557.SZ,20240612,0.916,0.911,0.934,0.908,0.92,0.004,0.4367,135615.0,12444.131
159557.SZ,20240613,0.92,0.925,0.939,0.922,0.927,0.007,0.7609,66271.0,6172.325
159557.SZ,20240614,0.927,0.922,0.949,0.922,0.928,0.001,0.1079,56397.0,5233.131
159557.SZ,20240617,0.928,0.912,0.939,0.912,0.92,-0.008,-0.8621,56142.11,5190.192
159557.SZ,20240618,0.92,0.917,0.928,0.908,0.908,-0.012,-1.3043,66190.01,6068.348
159557.SZ,20240619,0.908,0.905,0.928,0.905,0.92,0.012,1.3216,93274.18,8587.362
159557.SZ,20240620,0.92,0.916,0.933,0.906,0.907,-0.013,-1.413,111562.37,10296.998
159557.SZ,20240621,0.907,0.907,0.908,0.891,0.893,-0.014,-1.5436,59426.03,5359.849
159557.SZ,20240624,0.893,0.893,0.902,0.862,0.886,-0.007,-0.7839,119954.12,10684.986
159557.SZ,20240625,0.886,0.888,0.906,0.887,0.888,0.002,0.2257,63707.03,5727.505
159557.SZ,20240626,0.888,0.888,0.904,0.888,0.901,0.013,1.464,74426.0,6688.398
159557.SZ,20240627,0.901,0.901,0.901,0.871,0.877,-0.024,-2.6637,48354.0,4285.65
159557.SZ,20240628,0.877,0.881,0.887,0.836,0.869,-0.008,-0.9122,92320.93,8085.032
159557.SZ,20240701,0.869,0.869,0.877,0.855,0.868,-0.001,-0.1151,66121.36,5700.519
159557.SZ,20240702,0.868,0.869,0.881,0.858,0.865,-0.003,-0.3456,74782.92,6542.623
159557.SZ,20240703,0.865,0.871,0.88,0.865,0.873,0.008,0.9249,113293.0,9890.804
159557.SZ,20240704,0.873,0.881,0.881,0.86,0.865,-0.008,-0.9164,50857.0,4424.823
159557.SZ,20240705,0.865,0.861,0.886,0.856,0.878,0.013,1.5029,146422.59,12776.071
159557.SZ,20240708,0.878,0.88,0.893,0.846,0.849,-0.029,-3.303,77714.0,6680.546
159557.SZ,20240709,0.849,0.855,0.855,0.841,0.849,0.0,0.0,103166.06,8730.697
159557.SZ,20240710,0.849,0.85,0.863,0.844,0.852,0.003,0.3534,88578.0,7536.972
159557.SZ,20240711,0.852,0.854,0.866,0.851,0.862,0.01,1.1737,123545.91,10644.542
159557.SZ,20240712,0.862,0.868,0.894,0.864,0.888,0.026,3.0162,145178.06,12869.482
159557.SZ,20240715,0.888,0.888,0.888,0.871,0.873,-0.015,-1.6892,87271.0,7664.741
159557.SZ,20240716,0.873,0.868,0.886,0.853,0.87,-0.003,-0.3436,85645.0,7456.579
159557.SZ,20240717,0.87,0.871,0.896,0.871,0.892,0.022,2.5287,113054.05,10037.671
159557.SZ,20240718,0.892,0.893,0.903,0.882,0.896,0.004,0.4484,88102.0,7890.045
159557.SZ,20240719,0.896,0.902,0.906,0.876,0.881,-0.015,-1.6741,88006.0,7811.7
159557.SZ,20240722,0.881,0.897,0.9,0.88,0.899,0.018,2.0431,102338.0,9141.185
159557.SZ,20240723,0.899,0.899,0.901,0.88,0.88,-0.019,-2.1135,70944.68,6311.256
159557.SZ,20240724,0.88,0.886,0.889,0.863,0.865,-0.015,-1.7045,50503.0,4417.531
159557.SZ,20240725,0.865,0.865,0.872,0.851,0.854,-0.011,-1.2717,54509.0,4689.205
159557.SZ,20240726,0.854,0.883,0.883,0.833,0.857,0.003,0.3513,111658.57,9592.461
159557.SZ,20240729,0.857,0.864,0.871,0.857,0.858,0.001,0.1167,45973.0,3962.69
159557.SZ,20240730,0.858,0.864,0.864,0.843,0.848,-0.01,-1.1655,25336.04,2151.852
159557.SZ,20240731,0.848,0.867,0.874,0.843,0.872,0.024,2.8302,118509.42,10210.866
159557.SZ,20240801,0.872,0.884,0.884,0.862,0.869,-0.003,-0.344,54915.0,4767.87
159557.SZ,20240802,0.869,0.869,0.91,0.86,0.865,-0.004,-0.4603,82169.0,7218.345
159557.SZ,20240805,0.865,0.86,0.887,0.846,0.854,-0.011,-1.2717,60435.02,5223.447
159557.SZ,20240806,0.854,0.858,0.88,0.858,0.88,0.026,3.0445,39630.0,3462.281
159557.SZ,20240807,0.88,0.882,0.895,0.875,0.889,0.009,1.0227,56632.0,5025.069
159557.SZ,20240808,0.889,0.88,0.901,0.88,0.899,0.01,1.1249,61806.0,5517.775
159557.SZ,20240809,0.899,0.905,0.909,0.893,0.896,-0.003,-0.3337,93032.0,8376.381
159557.SZ,20240812,0.896,0.901,0.909,0.896,0.9,0.004,0.4464,115649.58,10453.472
159557.SZ,20240813,0.9,0.913,0.913,0.897,0.904,0.004,0.4444,30509.0,2753.018
159557.SZ,20240814,0.904,0.905,0.905,0.882,0.888,-0.016,-1.7699,16156.17,1439.237
159557.SZ,20240815,0.888,0.884,0.897,0.88,0.892,0.004,0.4505,36973.0,3287.073
159557.SZ,20240816,0.892,0.894,0.916,0.893,0.911,0.019,2.13,50452.34,4582.799
159557.SZ,20240819,0.911,0.921,0.922,0.906,0.912,0.001,0.1098,44742.1,4103.613
159557.SZ,20240820,0.912,0.912,0.912,0.9,0.901,-0.011,-1.2061,22895.0,2072.252
159557.SZ,20240821,0.901,0.894,0.915,0.883,0.891,-0.01,-1.1099,33155.01,2962.68
159557.SZ,20240822,0.891,0.898,0.898,0.872,0.878,-0.013,-1.459,19384.1,1705.409
159557.SZ,20240823,0.878,0.876,0.876,0.86,0.862,-0.016,-1.8223,22758.09,1972.913
159557.SZ,20240826,0.862,0.869,0.881,0.869,0.878,0.016,1.8561,41277.0,3617.61
159557.SZ,20240827,0.878,0.878,0.882,0.875,0.88,0.002,0.2278,21084.0,1853.745
159557.SZ,20240828,0.88,0.883,0.886,0.88,0.881,0.001,0.1136,27791.0,2451.032
159557.SZ,20240829,0.881,0.873,0.892,0.873,0.89,0.009,1.0216,41424.36,3668.02
159557.SZ,20240830,0.89,0.89,0.904,0.889,0.897,0.007,0.7865,48853.0,4386.167
159557.SZ,20240902,0.897,0.89,0.89,0.873,0.875,-0.022,-2.4526,31960.0,2809.904
159557.SZ,20240903,0.875,0.874,0.892,0.874,0.881,0.006,0.6857,41560.0,3670.039
159557.SZ,20240904,0.881,0.875,0.876,0.867,0.871,-0.01,-1.1351,41158.03,3585.371
159557.SZ,20240905,0.871,0.875,0.897,0.871,0.876,0.005,0.5741,26433.02,2320.839
159557.SZ,20240906,0.876,0.876,0.876,0.86,0.861,-0.015,-1.7123,32362.0,2819.348
159557.SZ,20240909,0.861,0.872,0.878,0.861,0.864,0.003,0.3484,52252.2,4539.218
159557.SZ,20240910,0.864,0.865,0.875,0.862,0.869,0.005,0.5787,64362.0,5577.61
159557.SZ,20240911,0.869,0.869,0.881,0.868,0.878,0.009,1.0357,74977.0,6557.396
159557.SZ,20240912,0.878,0.882,0.901,0.876,0.879,0.001,0.1139,32769.05,2917.664
159557.SZ,20240913,0.879,0.879,0.899,0.879,0.894,0.015,1.7065,64459.2,5764.28
159557.SZ,20240918,0.894,0.894,0.899,0.88,0.893,-0.001,-0.1119,37620.21,3351.884
159557.SZ,20240919,0.893,0.902,0.91,0.891,0.9,0.007,0.7839,69979.0,6309.793
159557.SZ,20240920,0.9,0.904,0.918,0.901,0.908,0.008,0.8889,44594.45,4069.226
159557.SZ,20240923,0.908,0.917,0.93,0.901,0.905,-0.003,-0.3304,80996.5,7392.723
159557.SZ,20240924,0.905,0.913,0.923,0.901,0.922,0.017,1.8785,69435.0,6326.649
159557.SZ,20240925,0.922,0.94,0.95,0.926,0.933,0.011,1.1931,79534.36,7479.207
159557.SZ,20240926,0.933,0.94,0.965,0.929,0.963,0.03,3.2154,165027.08,15696.33
159557.SZ,20240927,0.963,1.059,1.059,0.984,1.029,0.066,6.8536,193041.79,19602.693
159557.SZ,20240930,1.029,1.08,1.132,1.046,1.131,0.102,9.9125,302823.02,33167.825
159557.SZ,20241008,1.131,1.244,1.244,1.018,1.146,0.015,1.3263,280887.23,32523.16
159557.SZ,20241009,1.146,1.139,1.173,1.04,1.062,-0.084,-7.3298,238289.5,26412.42
159557.SZ,20241010,1.062,1.097,1.12,1.076,1.089,0.027,2.5424,269494.06,29608.355
159557.SZ,20241011,1.089,1.094,1.094,1.04,1.044,-0.045,-4.1322,142350.0,15117.231
159557.SZ,20241014,1.044,1.061,1.073,1.03,1.062,0.018,1.7241,162133.0,17100.487
159557.SZ,20241015,1.062,1.051,1.066,1.031,1.032,-0.03,-2.8249,147959.0,15593.395
159557.SZ,20241016,1.032,1.033,1.047,1.022,1.027,-0.005,-0.4845,206500.11,21267.057
159557.SZ,20241017,1.027,1.05,1.053,1.024,1.026,-0.001,-0.0974,159305.0,16587.941
159557.SZ,20241018,1.026,1.026,1.075,1.022,1.064,0.038,3.7037,227272.34,23714.788
159557.SZ,20241021,1.064,1.064,1.087,1.049,1.05,-0.014,-1.3158,180935.0,19129.556
159557.SZ,20241022,1.05,1.049,1.067,1.046,1.052,0.002,0.1905,165810.0,17527.432
159557.SZ,20241023,1.052,1.052,1.07,1.052,1.064,0.012,1.1407,128784.0,13677.5
159557.SZ,20241024,1.064,1.058,1.062,1.042,1.043,-0.021,-1.9737,71832.0,7549.883
159557.SZ,20241025,1.043,1.043,1.064,1.041,1.059,0.016,1.534,116521.31,12285.786
159557.SZ,20241028,1.059,1.058,1.068,1.053,1.054,-0.005,-0.4721,51163.04,5430.306
159557.SZ,20241029,1.054,1.061,1.073,1.047,1.049,-0.005,-0.4744,80410.0,8555.243
159557.SZ,20241030,1.049,1.04,1.051,1.017,1.017,-0.032,-3.0505,156641.03,16138.978
159557.SZ,20241031,1.017,1.017,1.023,1.005,1.006,-0.011,-1.0816,176448.03,17884.027
159557.SZ,20241101,1.006,1.006,1.011,0.993,1.003,-0.003,-0.2982,176397.68,17729.374
159557.SZ,20241104,1.003,1.003,1.029,1.003,1.021,0.018,1.7946,103220.15,10526.713
159557.SZ,20241105,1.021,1.022,1.038,1.02,1.036,0.015,1.4691,87824.05,9038.021
159557.SZ,20241106,1.036,1.034,1.058,1.005,1.024,-0.012,-1.1583,115776.04,11964.282
159557.SZ,20241107,1.024,1.021,1.047,1.003,1.043,0.019,1.8555,92670.0,9631.614
159557.SZ,20241108,1.043,1.063,1.09,1.042,1.047,0.004,0.3835,141160.93,14887.495
159557.SZ,20241111,1.047,1.049,1.05,1.027,1.036,-0.011,-1.0506,89872.91,9307.315
159557.SZ,20241112,1.036,1.04,1.075,1.026,1.03,-0.006,-0.5792,460775.08,48653.281
159557.SZ,20241113,1.03,1.02,1.03,1.004,1.015,-0.015,-1.4563,129191.0,13096.732
159557.SZ,20241114,1.015,1.015,1.029,1.001,1.003,-0.012,-1.1823,125626.01,12769.193
159557.SZ,20241115,1.003,1.015,1.016,0.992,0.996,-0.007,-0.6979,68939.0,6904.413
159557.SZ,20241118,0.996,0.997,0.999,0.975,0.979,-0.017,-1.7068,55227.0,5448.485
159557.SZ,20241119,0.979,0.98,0.986,0.974,0.983,0.004,0.4086,81168.0,7967.016
159557.SZ,20241120,0.983,0.986,1.01,0.986,1.005,0.022,2.238,66884.01,6696.349
159557.SZ,20241121,1.005,1.007,1.022,1.006,1.007,0.002,0.199,54993.0,5576.968
159557.SZ,20241122,1.007,1.005,1.019,0.972,0.972,-0.035,-3.4757,51372.03,5119.093
159557.SZ,20241125,0.972,0.978,0.984,0.971,0.983,0.011,1.1317,30500.03,2987.712
159557.SZ,20241126,0.983,0.984,1.0,0.984,0.989,0.006,0.6104,31452.0,3120.76
159557.SZ,20241127,0.989,0.987,1.01,0.987,1.01,0.021,2.1234,30327.0,3033.301
159557.SZ,20241128,1.01,1.012,1.017,1.0,1.001,-0.009,-0.8911,35333.0,3552.649
159557.SZ,20241129,1.001,1.012,1.02,1.0,1.004,0.003,0.2997,42366.0,4262.613
159557.SZ,20241202,1.004,1.001,1.068,0.999,1.015,0.011,1.0956,55650.0,5645.778
159557.SZ,20241203,1.015,1.016,1.032,1.014,1.024,0.009,0.8867,94655.0,9696.669
159557.SZ,20241204,1.024,1.028,1.029,1.017,1.019,-0.005,-0.4883,70342.3,7186.364
159557.SZ,20241205,1.019,1.011,1.02,1.001,1.004,-0.015,-1.472,53295.0,5359.385
159557.SZ,20241206,1.004,1.004,1.033,1.004,1.021,0.017,1.6932,98662.0,10044.881
159557.SZ,20241209,1.021,1.033,1.038,1.023,1.029,0.008,0.7835,94868.0,9775.642
159557.SZ,20241210,1.029,1.073,1.08,1.027,1.033,0.004,0.3887,99420.0,10421.111
159557.SZ,20241211,1.033,1.032,1.043,1.013,1.025,-0.008,-0.7744,62553.0,6442.25
159557.SZ,20241212,1.025,1.027,1.036,1.023,1.035,0.01,0.9756,73653.0,7579.087
159557.SZ,20241213,1.035,1.035,1.035,1.012,1.013,-0.022,-2.1256,65571.0,6663.089
159557.SZ,20241216,1.013,1.011,1.016,0.986,0.99,-0.023,-2.2705,46521.0,4644.096
159557.SZ,20241217,0.99,0.989,0.998,0.978,0.982,-0.008,-0.8081,96289.0,9502.437
159557.SZ,20241218,0.982,0.983,0.999,0.983,0.993,0.011,1.1202,56043.0,5567.038
159557.SZ,20241219,0.993,0.985,0.994,0.978,0.99,-0.003,-0.3021,29135.0,2872.251
159557.SZ,20241220,0.99,0.998,0.998,0.98,0.985,-0.005,-0.5051,75972.0,7493.648
159557.SZ,20241223,0.985,0.991,0.994,0.976,0.981,-0.004,-0.4061,36524.0,3587.916
159557.SZ,20241224,0.981,0.985,1.002,0.983,0.999,0.018,1.8349,63636.0,6334.344
159557.SZ,20241225,0.999,1.027,1.045,0.988,0.993,-0.006,-0.6006,316567.0,32120.996
159557.SZ,20241226,0.993,0.996,1.002,0.991,0.993,0.0,0.0,56391.0,5601.441
159557.SZ,20241227,0.993,0.993,0.994,0.985,0.986,-0.007,-0.7049,36954.1,3655.13
159557.SZ,20241230,0.986,0.98,0.999,0.98,0.99,0.004,0.4057,45325.0,4497.355
159557.SZ,20241231,0.99,0.992,0.993,0.987,0.988,-0.002,-0.202,15229.1,1507.946
159557.SZ,20250102,0.988,0.988,0.988,0.962,0.966,-0.022,-2.2267,23913.0,2328.732
159557.SZ,20250103,0.966,0.966,0.974,0.955,0.956,-0.01,-1.0352,32056.0,3102.092
159557.SZ,20250106,0.956,0.98,0.983,0.953,0.958,0.002,0.2092,71593.58,6912.466
159557.SZ,20250107,0.958,0.959,0.961,0.935,0.948,-0.01,-1.0438,32843.0,3115.952
159557.SZ,20250108,0.948,0.949,0.95,0.926,0.935,-0.013,-1.3713,39286.0,3675.971
159557.SZ,20250109,0.935,0.935,0.951,0.935,0.944,0.009,0.9626,65535.0,6186.971
159557.SZ,20250110,0.944,0.946,0.952,0.934,0.937,-0.007,-0.7415,57456.0,5420.806
159557.SZ,20250113,0.937,0.93,0.943,0.922,0.925,-0.012,-1.2807,58766.0,5445.979
159557.SZ,20250114,0.925,0.927,0.957,0.927,0.95,0.025,2.7027,120576.0,11411.08
159557.SZ,20250115,0.95,0.954,0.956,0.942,0.946,-0.004,-0.4211,60718.0,5745.819
159557.SZ,20250116,0.946,0.95,0.965,0.937,0.944,-0.002,-0.2114,65002.0,6201.513
159557.SZ,20250117,0.944,0.947,0.957,0.944,0.954,0.01,1.0593,52193.0,4964.462
159557.SZ,20250120,0.954,0.957,0.993,0.957,0.972,0.018,1.8868,196612.18,19258.907
159557.SZ,20250121,0.972,0.978,0.985,0.963,0.968,-0.004,-0.4115,96644.0,9363.177
159557.SZ,20250122,0.968,0.968,0.972,0.953,0.957,-0.011,-1.1364,163538.0,15682.702
159557.SZ,20250123,0.957,0.962,0.983,0.953,0.954,-0.003,-0.3135,123502.0,11901.982
159557.SZ,20250124,0.954,0.957,0.98,0.956,0.967,0.013,1.3627,169753.0,16445.17
159557.SZ,20250127,0.967,0.971,0.984,0.971,0.977,0.01,1.0341,102135.0,10000.207
159557.SZ,20250205,0.977,0.983,0.997,0.978,0.983,0.006,0.6141,228996.0,22589.401
159557.SZ,20250206,0.983,0.985,1.027,0.985,1.023,0.04,4.0692,507933.25,51399.156
159557.SZ,20250207,1.023,1.023,1.04,1.011,1.023,0.0,0.0,256886.0,26464.483
159557.SZ,20250210,1.023,1.04,1.061,1.034,1.04,0.017,1.6618,647991.0,67867.08
159557.SZ,20250211,1.04,1.046,1.051,1.022,1.027,-0.013,-1.25,195039.0,20128.419
159557.SZ,20250212,1.027,1.027,1.039,1.019,1.032,0.005,0.4869,182315.0,18744.393
159557.SZ,20250213,1.032,1.033,1.055,1.03,1.036,0.004,0.3876,266973.14,27798.507
159557.SZ,20250214,1.036,1.036,1.083,1.036,1.073,0.037,3.5714,676786.0,72008.422
159557.SZ,20250217,1.073,1.1,1.18,1.074,1.1,0.027,2.5163,683158.14,75050.527
159557.SZ,20250218,1.1,1.1,1.125,1.091,1.103,0.003,0.2727,353441.0,39247.557
159557.SZ,20250219,1.103,1.103,1.136,1.101,1.122,0.019,1.7226,341567.1,38375.192
159557.SZ,20250220,1.122,1.122,1.213,1.117,1.131,0.009,0.8021,2106991.0,241040.908
159557.SZ,20250221,1.131,1.146,1.173,1.138,1.169,0.038,3.3599,735551.99,85007.823
159557.SZ,20250224,1.169,1.171,1.184,1.145,1.155,-0.014,-1.1976,240395.12,27983.23
159557.SZ,20250225,1.155,1.139,1.164,1.122,1.143,-0.012,-1.039,258373.0,29708.051
159557.SZ,20250226,1.143,1.15,1.191,1.15,1.182,0.039,3.4121,212568.0,24932.604
159557.SZ,20250227,1.182,1.189,1.208,1.158,1.183,0.001,0.0846,147225.0,17437.318
159557.SZ,20250228,1.183,1.186,1.198,1.135,1.137,-0.046,-3.8884,117468.0,13665.095
159557.SZ,20250303,1.137,1.14,1.166,1.126,1.139,0.002,0.1759,73236.0,8378.306
159557.SZ,20250304,1.139,1.112,1.14,1.103,1.137,-0.002,-0.1756,148952.0,16724.374
159557.SZ,20250305,1.137,1.138,1.166,1.138,1.158,0.021,1.847,193492.0,22247.636
159557.SZ,20250306,1.158,1.172,1.193,1.171,1.172,0.014,1.209,201679.0,23778.809
159557.SZ,20250307,1.172,1.174,1.192,1.156,1.164,-0.008,-0.6826,185246.0,21808.627
159557.SZ,20250310,1.164,1.2,1.265,1.139,1.142,-0.022,-1.89,963115.0,112801.635
159557.SZ,20250311,1.142,1.125,1.163,1.125,1.148,0.006,0.5254,384358.2,44313.164
159557.SZ,20250312,1.148,1.157,1.171,1.146,1.147,-0.001,-0.0871,157596.0,18267.633
159557.SZ,20250313,1.147,1.149,1.167,1.127,1.137,-0.01,-0.8718,104148.0,11937.274
159557.SZ,20250314,1.137,1.151,1.192,1.146,1.19,0.053,4.6614,217811.0,25515.35
159557.SZ,20250317,1.19,1.195,1.203,1.173,1.183,-0.007,-0.5882,111172.0,13206.97
159557.SZ,20250318,1.183,1.21,1.227,1.2,1.214,0.031,2.6205,113636.0,13822.334
159557.SZ,20250319,1.214,1.214,1.24,1.178,1.225,0.011,0.9061,616387.0,75600.907
159557.SZ,20250320,1.225,1.228,1.245,1.225,1.233,0.008,0.6531,226057.15,27972.981
159557.SZ,20250321,1.233,1.234,1.245,1.174,1.186,-0.047,-3.8118,204340.0,24501.336
159557.SZ,20250324,1.186,1.186,1.2,1.166,1.179,-0.007,-0.5902,143006.0,16934.021
159557.SZ,20250325,1.179,1.198,1.2,1.154,1.159,-0.02,-1.6964,180764.0,21201.971
159557.SZ,20250326,1.159,1.156,1.168,1.153,1.162,0.003,0.2588,83736.0,9719.573
159557.SZ,20250327,1.162,1.162,1.224,1.155,1.219,0.057,4.9053,244673.74,29288.66
159557.SZ,20250328,1.219,1.217,1.259,1.215,1.221,0.002,0.1641,337856.38,41867.468
159557.SZ,20250331,1.221,1.24,1.24,1.192,1.209,-0.012,-0.9828,527082.0,63931.766
159557.SZ,20250401,1.209,1.22,1.297,1.216,1.27,0.061,5.0455,389785.17,49597.119
159557.SZ,20250402,1.27,1.259,1.293,1.245,1.255,-0.015,-1.1811,386451.0,49023.774
159557.SZ,20250403,1.255,1.241,1.285,1.229,1.24,-0.015,-1.1952,417473.0,52257.212
159557.SZ,20250407,1.24,1.118,1.23,1.116,1.116,-0.124,-10.0,66168.0,7463.917
159557.SZ,20250408,1.116,1.108,1.112,1.02,1.04,-0.076,-6.81,237217.33,24890.25
159557.SZ,20250409,1.04,1.016,1.069,0.979,1.055,0.015,1.4423,225560.77,23356.101
159557.SZ,20250410,1.055,1.1,1.139,1.092,1.102,0.047,4.455,319200.0,35624.015
159557.SZ,20250411,1.102,1.094,1.144,1.089,1.13,0.028,2.5408,330030.0,37029.483
159557.SZ,20250414,1.13,1.161,1.197,1.157,1.188,0.058,5.1327,265735.0,31549.006
159557.SZ,20250415,1.188,1.2,1.21,1.165,1.17,-0.018,-1.5152,150761.0,17827.295
159557.SZ,20250416,1.17,1.178,1.183,1.053,1.139,-0.031,-2.6496,128751.98,14773.984
159557.SZ,20250417,1.139,1.134,1.156,1.13,1.143,0.004,0.3512,289805.26,33274.859
159557.SZ,20250418,1.143,1.149,1.161,1.138,1.138,-0.005,-0.4374,98794.0,11337.96
159557.SZ,20250421,1.138,1.139,1.163,1.139,1.151,0.013,1.1424,148527.0,17074.402
159557.SZ,20250422,1.151,1.169,1.217,1.163,1.208,0.057,4.9522,320295.46,38291.596
159557.SZ,20250423,1.208,1.226,1.329,1.226,1.23,0.022,1.8212,235583.0,29267.891
159557.SZ,20250424,1.23,1.244,1.262,1.226,1.233,0.003,0.2439,325470.0,40525.619
159557.SZ,20250425,1.233,1.264,1.285,1.24,1.241,0.008,0.6488,448815.26,56399.373
159557.SZ,20250428,1.241,1.236,1.236,1.202,1.221,-0.02,-1.6116,239978.0,29283.564
159557.SZ,20250429,1.221,1.237,1.251,1.227,1.235,0.014,1.1466,503858.0,62526.045
159557.SZ,20250430,1.235,1.241,1.252,1.229,1.24,0.005,0.4049,223584.0,27773.171
159557.SZ,20250506,1.24,1.26,1.268,1.239,1.243,0.003,0.2419,121125.0,15120.805
159557.SZ,20250507,1.243,1.243,1.253,1.203,1.207,-0.036,-2.8962,263881.0,32201.762
159557.SZ,20250508,1.207,1.206,1.218,1.202,1.207,0.0,0.0,188228.99,22731.529
159557.SZ,20250509,1.207,1.21,1.222,1.205,1.208,0.001,0.0829,174506.0,21161.425
159557.SZ,20250512,1.208,1.2,1.207,1.169,1.173,-0.035,-2.8974,174643.0,20615.786
159557.SZ,20250513,1.173,1.186,1.2,1.185,1.191,0.018,1.5345,165698.0,19738.156
159557.SZ,20250514,1.191,1.191,1.206,1.167,1.197,0.006,0.5038,138861.0,16619.74
159557.SZ,20250515,1.197,1.196,1.206,1.182,1.19,-0.007,-0.5848,109219.0,13054.239
159557.SZ,20250516,1.19,1.19,1.219,1.19,1.209,0.019,1.5966,97387.12,11749.121
159557.SZ,20250519,1.209,1.215,1.22,1.205,1.218,0.009,0.7444,95353.0,11577.979
159557.SZ,20250520,1.218,1.239,1.269,1.235,1.266,0.048,3.9409,191411.0,24072.241
159557.SZ,20250521,1.266,1.273,1.293,1.26,1.277,0.011,0.8689,287473.99,36841.98
159557.SZ,20250522,1.277,1.266,1.277,1.257,1.266,-0.011,-0.8614,177692.0,22498.306
159557.SZ,20250523,1.266,1.27,1.288,1.261,1.265,-0.001,-0.079,169836.0,21725.481
159557.SZ,20250526,1.265,1.275,1.278,1.235,1.24,-0.025,-1.9763,182346.0,22785.222
159557.SZ,20250527,1.24,1.232,1.276,1.232,1.264,0.024,1.9355,197518.0,24935.69
159557.SZ,20250528,1.264,1.265,1.27,1.251,1.264,0.0,0.0,488664.0,61411.937
159557.SZ,20250529,1.264,1.26,1.307,1.256,1.306,0.042,3.3228,231924.0,29740.898
159557.SZ,20250530,1.306,1.312,1.32,1.299,1.308,0.002,0.1531,168040.0,22016.579
159557.SZ,20250603,1.308,1.298,1.319,1.296,1.319,0.011,0.841,242710.0,31698.855
159557.SZ,20250604,1.319,1.326,1.368,1.326,1.357,0.038,2.881,289778.13,39207.615
159557.SZ,20250605,1.357,1.37,1.382,1.324,1.339,-0.018,-1.3265,350152.0,47481.969
159557.SZ,20250606,1.339,1.342,1.358,1.324,1.358,0.019,1.419,184361.0,24718.581
159557.SZ,20250609,1.358,1.366,1.428,1.353,1.417,0.059,4.3446,427139.0,60032.685
159557.SZ,20250610,1.417,1.424,1.477,1.415,1.456,0.039,2.7523,451934.39,65563.803
159557.SZ,20250611,1.456,1.462,1.48,1.436,1.45,-0.006,-0.4121,410616.0,59670.015
159557.SZ,20250612,1.45,1.449,1.515,1.444,1.51,0.06,4.1379,477693.0,71341.052
159557.SZ,20250613,1.51,1.516,1.548,1.465,1.471,-0.039,-2.5828,342473.0,51197.063
159557.SZ,20250616,1.471,1.469,1.52,1.45,1.463,-0.008,-0.5438,570609.0,84471.119
159557.SZ,20250617,1.463,1.473,1.494,1.402,1.406,-0.057,-3.8961,571874.0,82668.046
159557.SZ,20250618,1.406,1.404,1.42,1.392,1.405,-0.001,-0.0711,343689.0,48324.136
159557.SZ,20250619,1.405,1.407,1.424,1.353,1.367,-0.038,-2.7046,278339.06,38491.161
159557.SZ,20250620,1.367,1.367,1.38,1.353,1.368,0.001,0.0732,258256.0,35280.008
159557.SZ,20250623,1.368,1.356,1.403,1.346,1.402,0.034,2.4854,202391.0,27880.484
159557.SZ,20250624,1.402,1.404,1.446,1.399,1.434,0.032,2.2825,325087.0,46429.511
159557.SZ,20250625,1.434,1.445,1.463,1.431,1.443,0.009,0.6276,254793.0,36749.547
159557.SZ,20250626,1.443,1.435,1.438,1.406,1.411,-0.032,-2.2176,155269.0,22020.343
159557.SZ,20250627,1.411,1.413,1.421,1.397,1.397,-0.014,-0.9922,155019.0,21825.739
159557.SZ,20250630,1.397,1.406,1.422,1.394,1.42,0.023,1.6464,196346.0,27670.975
159557.SZ,20250701,1.42,1.423,1.444,1.415,1.44,0.02,1.4085,95028.0,13612.075
159557.SZ,20250702,1.44,1.446,1.473,1.42,1.422,-0.018,-1.25,607210.0,87820.223
159557.SZ,20250703,1.422,1.429,1.469,1.423,1.466,0.044,3.0942,461770.0,67017.785
159557.SZ,20250704,1.466,1.466,1.483,1.441,1.466,0.0,0.0,291729.0,42668.113
159557.SZ,20250707,1.466,1.468,1.476,1.443,1.449,-0.017,-1.1596,231098.05,33660.319
159557.SZ,20250708,1.449,1.449,1.463,1.438,1.443,-0.006,-0.4141,202415.87,29271.911
159557.SZ,20250709,1.443,1.443,1.476,1.43,1.46,0.017,1.1781,298546.0,43579.493
159557.SZ,20250710,1.46,1.465,1.484,1.453,1.459,-0.001,-0.0685,250359.0,36657.431
159557.SZ,20250711,1.459,1.458,1.485,1.458,1.479,0.02,1.3708,286696.0,42299.092
159557.SZ,20250714,1.479,1.471,1.502,1.461,1.5,0.021,1.4199,300638.0,44306.128
159557.SZ,20250715,1.5,1.506,1.542,1.503,1.538,0.038,2.5333,345810.0,52596.791
159557.SZ,20250716,1.538,1.557,1.568,1.541,1.566,0.028,1.8205,309541.0,48211.748
159557.SZ,20250717,1.566,1.567,1.642,1.567,1.629,0.063,4.023,435225.12,70224.391
159557.SZ,20250718,1.629,1.659,1.666,1.62,1.64,0.011,0.6753,489575.04,80079.775
159557.SZ,20250721,1.64,1.644,1.652,1.608,1.629,-0.011,-0.6707,255578.04,41565.921
159557.SZ,20250722,1.629,1.627,1.674,1.625,1.629,0.0,0.0,299154.0,49442.09
159557.SZ,20250723,1.629,1.634,1.66,1.624,1.629,0.0,0.0,352911.08,57948.962
159557.SZ,20250724,1.629,1.645,1.657,1.627,1.655,0.026,1.5961,243681.0,40026.894
159557.SZ,20250725,1.655,1.66,1.689,1.652,1.656,0.001,0.0604,306522.68,51204.929
159557.SZ,20250728,1.656,1.672,1.71,1.661,1.704,0.048,2.8986,227140.0,38076.99
159557.SZ,20250729,1.704,1.708,1.769,1.704,1.761,0.057,3.3451,349124.0,60862.412
159557.SZ,20250730,1.761,1.766,1.828,1.726,1.74,-0.021,-1.1925,824630.0,147476.235
159557.SZ,20250731,1.74,1.746,1.781,1.727,1.727,-0.013,-0.7471,407873.0,71790.528
159557.SZ,20250801,1.727,1.725,1.781,1.703,1.71,-0.017,-0.9844,626464.0,109486.13
159557.SZ,20250804,1.71,1.712,1.712,1.653,1.706,-0.004,-0.2339,477632.0,80181.011
159557.SZ,20250805,1.706,1.715,1.749,1.713,1.749,0.043,2.5205,409073.0,70765.294
159557.SZ,20250806,1.749,1.766,1.779,1.747,1.761,0.012,0.6861,308754.01,54361.636
159557.SZ,20250807,1.761,1.768,1.774,1.708,1.722,-0.039,-2.2147,286099.02,49628.319
159557.SZ,20250808,1.722,1.728,1.729,1.686,1.696,-0.026,-1.5099,228092.0,38755.45
159557.SZ,20250811,1.696,1.715,1.716,1.665,1.701,0.005,0.2948,221107.0,37337.408
159557.SZ,20250812,1.701,1.709,1.718,1.685,1.697,-0.004,-0.2352,144123.0,24499.793
159557.SZ,20250813,1.697,1.705,1.765,1.704,1.765,0.068,4.0071,322234.07,55879.458
159557.SZ,20250814,1.765,1.78,1.792,1.761,1.769,0.004,0.2266,242206.07,43027.787
159557.SZ,20250815,1.769,1.787,1.821,1.77,1.815,0.046,2.6003,397798.0,71707.143
159557.SZ,20250818,1.815,1.83,1.87,1.827,1.865,0.05,2.7548,330250.0,60933.506
159557.SZ,20250819,1.865,1.886,1.887,1.816,1.819,-0.046,-2.4665,349013.0,64474.838
159557.SZ,20250820,1.819,1.819,1.827,1.766,1.789,-0.03,-1.6493,360917.0,64666.825
159557.SZ,20250821,1.789,1.794,1.817,1.787,1.805,0.016,0.8944,341512.0,61588.154
159557.SZ,20250822,1.805,1.82,1.835,1.811,1.827,0.022,1.2188,257967.0,46983.776
159557.SZ,20250825,1.827,1.845,1.855,1.826,1.843,0.016,0.8758,311100.0,57316.901
159557.SZ,20250826,1.843,1.85,1.851,1.817,1.82,-0.023,-1.248,187828.0,34438.494
159557.SZ,20250827,1.82,1.833,1.849,1.746,1.746,-0.074,-4.0659,196397.0,35370.424
159557.SZ,20250828,1.746,1.751,1.765,1.682,1.723,-0.023,-1.3173,272916.03,47027.757
159557.SZ,20250829,1.723,1.731,1.795,1.716,1.788,0.065,3.7725,366379.0,64556.206
159557.SZ,20250901,1.788,1.8,1.854,1.774,1.85,0.062,3.4676,311347.0,56684.711
159557.SZ,20250902,1.85,1.857,1.891,1.832,1.843,-0.007,-0.3784,368871.0,68849.63
159557.SZ,20250903,1.843,1.858,1.904,1.858,1.881,0.038,2.0619,671340.0,126534.939
159557.SZ,20250904,1.881,1.895,1.9,1.806,1.821,-0.06,-3.1898,453569.0,83550.541
159557.SZ,20250905,1.821,1.823,1.896,1.811,1.894,0.073,4.0088,418409.0,77580.23
159557.SZ,20250908,1.894,1.898,1.93,1.869,1.892,-0.002,-0.1056,504045.68,95534.922
159557.SZ,20250909,1.892,1.904,1.929,1.874,1.9,0.008,0.4228,442219.0,84310.097
159557.SZ,20250910,1.9,1.903,1.929,1.882,1.89,-0.01,-0.5263,324897.0,61840.993
159557.SZ,20250911,1.89,1.86,1.86,1.761,1.858,-0.032,-1.6931,355412.0,64707.706
159557.SZ,20250912,1.858,1.871,1.89,1.854,1.862,0.004,0.2153,508543.0,95106.018
159557.SZ,20250915,1.862,1.866,1.895,1.851,1.868,0.006,0.3222,299031.0,56113.801
159557.SZ,20250916,1.868,1.878,1.885,1.837,1.848,-0.02,-1.0707,227817.1,42250.956
159557.SZ,20250917,1.848,1.851,1.853,1.823,1.844,-0.004,-0.2165,355322.0,65219.076
159557.SZ,20250918,1.844,1.85,1.878,1.826,1.837,-0.007,-0.3796,633205.02,117266.66
159557.SZ,20250919,1.837,1.856,1.878,1.82,1.829,-0.008,-0.4355,628901.0,115993.048
159557.SZ,20250922,1.829,1.835,1.869,1.834,1.858,0.029,1.5856,482373.0,89070.895
159557.SZ,20250923,1.858,1.858,1.865,1.806,1.832,-0.026,-1.3994,583610.0,106656.914
159557.SZ,20250924,1.832,1.809,1.84,1.809,1.826,-0.006,-0.3275,458999.0,83868.111
159557.SZ,20250925,1.826,1.832,1.845,1.825,1.833,0.007,0.3834,571003.0,104744.013
159557.SZ,20250926,1.833,1.804,1.811,1.778,1.8,-0.033,-1.8003,543905.0,97640.626
159557.SZ,20250929,1.8,1.793,1.82,1.773,1.819,0.019,1.0556,435629.0,78359.775
159557.SZ,20250930,1.819,1.82,1.86,1.815,1.86,0.041,2.254,291393.0,53474.96
159557.SZ,20251009,1.86,1.887,1.9,1.833,1.838,-0.022,-1.1828,254795.0,47198.292
159557.SZ,20251010,1.838,1.835,1.851,1.789,1.795,-0.043,-2.3395,245648.0,44843.498
159557.SZ,20251013,1.795,1.719,1.764,1.707,1.734,-0.061,-3.3983,239455.0,41594.211
159557.SZ,20251014,1.734,1.757,1.77,1.668,1.677,-0.057,-3.2872,219775.0,37838.448
159557.SZ,20251015,1.677,1.7,1.724,1.666,1.72,0.043,2.5641,310748.0,52776.127
159557.SZ,20251016,1.72,1.705,1.763,1.705,1.74,0.02,1.1628,229676.0,40045.722
159557.SZ,20251017,1.74,1.747,1.749,1.691,1.692,-0.048,-2.7586,211687.0,36449.417
159557.SZ,20251020,1.692,1.718,1.725,1.695,1.704,0.012,0.7092,150669.0,25722.983
159557.SZ,20251021,1.704,1.706,1.74,1.704,1.719,0.015,0.8803,161339.0,27701.925
159557.SZ,20251022,1.719,1.719,1.73,1.676,1.682,-0.037,-2.1524,155261.0,26312.23
159557.SZ,20251023,1.682,1.669,1.683,1.632,1.66,-0.022,-1.308,148397.0,24481.6
159557.SZ,20251024,1.66,1.661,1.684,1.661,1.664,0.004,0.241,130586.0,21819.163
159557.SZ,20251027,1.664,1.685,1.695,1.674,1.677,0.013,0.7813,175745.0,29590.111
159557.SZ,20251028,1.677,1.678,1.685,1.65,1.654,-0.023,-1.3715,102206.0,17050.869
159557.SZ,20251029,1.654,1.66,1.663,1.647,1.662,0.008,0.4837,56266.0,9312.757
159557.SZ,20251030,1.662,1.658,1.658,1.616,1.62,-0.042,-2.5271,153426.0,24998.538
159557.SZ,20251031,1.62,1.624,1.681,1.624,1.679,0.059,3.642,325559.0,54151.409
159557.SZ,20251103,1.679,1.662,1.709,1.65,1.691,0.012,0.7147,340570.0,57254.945
159557.SZ,20251104,1.691,1.686,1.689,1.643,1.654,-0.037,-2.1881,172535.0,28842.411
159557.SZ,20251105,1.654,1.631,1.661,1.614,1.644,-0.01,-0.6046,203295.0,33444.682
159557.SZ,20251106,1.644,1.644,1.657,1.635,1.655,0.011,0.6691,112195.0,18457.068
159557.SZ,20251107,1.655,1.649,1.654,1.624,1.625,-0.03,-1.8127,134611.0,22054.196
159557.SZ,20251110,1.625,1.621,1.646,1.616,1.643,0.018,1.1077,160364.0,26167.243
159557.SZ,20251111,1.643,1.647,1.653,1.632,1.64,-0.003,-0.1826,80063.0,13140.902
159557.SZ,20251112,1.64,1.644,1.697,1.644,1.681,0.041,2.5,236217.0,39700.918
159557.SZ,20251113,1.681,1.689,1.749,1.686,1.743,0.062,3.6883,291429.0,50245.554
159557.SZ,20251114,1.743,1.735,1.751,1.713,1.72,-0.023,-1.3196,161302.0,27981.071
159557.SZ,20251117,1.72,1.72,1.723,1.683,1.692,-0.028,-1.6279,135664.0,23001.045
159557.SZ,20251118,1.692,1.689,1.716,1.657,1.662,-0.03,-1.773,114726.0,19364.648
159557.SZ,20251119,1.662,1.662,1.675,1.644,1.657,-0.005,-0.3008,87832.0,14549.924
159557.SZ,20251120,1.657,1.681,1.682,1.648,1.655,-0.002,-0.1207,158119.0,26340.465
159557.SZ,20251121,1.655,1.641,1.65,1.594,1.605,-0.05,-3.0211,120451.0,19497.672
159557.SZ,20251124,1.605,1.609,1.648,1.609,1.638,0.033,2.0561,164647.0,26760.598
159557.SZ,20251125,1.638,1.638,1.676,1.638,1.652,0.014,0.8547,187143.0,31020.669
159557.SZ,20251126,1.652,1.662,1.692,1.653,1.668,0.016,0.9685,170425.0,28557.683
159557.SZ,20251127,1.668,1.668,1.677,1.649,1.662,-0.006,-0.3597,86496.0,14393.266
159557.SZ,20251128,1.662,1.662,1.671,1.643,1.647,-0.015,-0.9025,109399.0,18053.153
159557.SZ,20251201,1.647,1.648,1.654,1.64,1.648,0.001,0.0607,71704.0,11804.912
159557.SZ,20251202,1.648,1.658,1.658,1.629,1.63,-0.018,-1.0922,61444.0,10059.4
159557.SZ,20251203,1.63,1.642,1.642,1.6,1.605,-0.025,-1.5337,70155.0,11328.588
159557.SZ,20251204,1.605,1.621,1.633,1.61,1.633,0.028,1.7445,110348.0,17868.409
159557.SZ,20251205,1.633,1.633,1.638,1.615,1.632,-0.001,-0.0612,81145.01,13175.465
159557.SZ,20251208,1.632,1.639,1.645,1.604,1.613,-0.019,-1.1642,70462.0,11395.341
159557.SZ,20251209,1.613,1.61,1.624,1.586,1.591,-0.022,-1.3639,69973.0,11258.353
159557.SZ,20251210,1.591,1.585,1.595,1.572,1.584,-0.007,-0.44,50408.0,7974.514
159557.SZ,20251211,1.584,1.589,1.604,1.57,1.578,-0.006,-0.3788,156527.0,24839.808
159557.SZ,20251212,1.578,1.581,1.593,1.567,1.591,0.013,0.8238,104386.0,16495.214
159557.SZ,20251215,1.591,1.582,1.582,1.54,1.546,-0.045,-2.8284,73004.0,11368.072
159557.SZ,20251216,1.546,1.549,1.549,1.5,1.517,-0.029,-1.8758,90176.0,13679.693
159557.SZ,20251217,1.517,1.524,1.533,1.511,1.53,0.013,0.857,79998.0,12180.263
159557.SZ,20251218,1.53,1.536,1.544,1.514,1.533,0.003,0.1961,83648.0,12828.24
159557.SZ,20251219,1.533,1.538,1.578,1.536,1.563,0.03,1.9569,234960.0,36726.189
159557.SZ,20251222,1.563,1.577,1.578,1.545,1.547,-0.016,-1.0237,121180.0,18819.598
159557.SZ,20251223,1.547,1.549,1.568,1.541,1.543,-0.004,-0.2586,128970.0,20022.389
159557.SZ,20251224,1.543,1.544,1.545,1.528,1.533,-0.01,-0.6481,68722.0,10552.148
159557.SZ,20251225,1.533,1.526,1.537,1.526,1.535,0.002,0.1305,13171.0,2018.232
159557.SZ,20251226,1.535,1.536,1.537,1.526,1.536,0.001,0.0651,22981.0,3525.861
159557.SZ,20251229,1.536,1.536,1.537,1.51,1.516,-0.02,-1.3021,93345.0,14201.114
159557.SZ,20251230,1.516,1.511,1.514,1.481,1.493,-0.023,-1.5172,109477.0,16333.782
159557.SZ,20251231,1.493,1.494,1.498,1.471,1.472,-0.021,-1.4066,35584.0,5268.998
159557.SZ,20260105,1.472,1.49,1.559,1.482,1.559,0.087,5.9103,177434.0,27247.254
159557.SZ,20260106,1.559,1.561,1.578,1.554,1.577,0.018,1.1546,164585.0,25806.75
159557.SZ,20260107,1.577,1.58,1.622,1.579,1.616,0.039,2.4731,242954.0,39079.847
159557.SZ,20260108,1.616,1.63,1.651,1.623,1.628,0.012,0.7426,205186.05,33573.462
159557.SZ,20260109,1.628,1.626,1.654,1.611,1.653,0.025,1.5356,217918.0,35573.799
159557.SZ,20260112,1.653,1.662,1.68,1.641,1.662,0.009,0.5445,177444.0,29349.22
159557.SZ,20260113,1.662,1.675,1.721,1.672,1.679,0.017,1.0229,325654.0,55305.328
159557.SZ,20260114,1.679,1.694,1.727,1.688,1.714,0.035,2.0846,333522.0,56995.415
159557.SZ,20260115,1.714,1.716,1.729,1.687,1.692,-0.022,-1.2835,137416.0,23411.227
159557.SZ,20260116,1.692,1.693,1.703,1.671,1.678,-0.014,-0.8274,102247.0,17200.598
159557.SZ,20260119,1.678,1.665,1.677,1.624,1.633,-0.045,-2.6818,192491.0,31542.036
159557.SZ,20260120,1.633,1.632,1.642,1.612,1.621,-0.012,-0.7348,112246.0,18230.273
159557.SZ,20260121,1.621,1.624,1.638,1.611,1.623,0.002,0.1234,99118.0,16127.399
159557.SZ,20260122,1.623,1.639,1.65,1.614,1.619,-0.004,-0.2465,106686.0,17331.28
159557.SZ,20260123,1.619,1.641,1.647,1.624,1.633,0.014,0.8647,143813.0,23537.883
159557.SZ,20260126,1.633,1.7,1.7,1.601,1.605,-0.028,-1.7146,124392.0,20068.409
159557.SZ,20260127,1.605,1.609,1.618,1.591,1.609,0.004,0.2492,87093.0,13979.503
159557.SZ,20260128,1.609,1.613,1.626,1.606,1.626,0.017,1.0566,160154.0,25919.788
159557.SZ,20260129,1.626,1.626,1.631,1.607,1.617,-0.009,-0.5535,125264.0,20276.857
159557.SZ,20260130,1.617,1.608,1.623,1.572,1.576,-0.041,-2.5356,90242.0,14337.367
159557.SZ,20260202,1.576,1.58,1.58,1.519,1.519,-0.057,-3.6168,67640.0,10424.569
159557.SZ,20260203,1.519,1.534,1.554,1.51,1.553,0.034,2.2383,128066.06,19706.598
159557.SZ,20260204,1.553,1.538,1.566,1.518,1.566,0.013,0.8371,78573.0,12091.431
159557.SZ,20260205,1.566,1.548,1.568,1.536,1.557,-0.009,-0.5747,89014.0,13765.461
159557.SZ,20260206,1.557,1.546,1.571,1.525,1.564,0.007,0.4496,92421.0,14373.824
159557.SZ,20260209,1.564,1.581,1.598,1.572,1.585,0.021,1.3427,102776.0,16277.178
159557.SZ,20260210,1.585,1.586,1.637,1.586,1.625,0.04,2.5237,207751.0,33606.016
159557.SZ,20260211,1.625,1.628,1.642,1.622,1.626,0.001,0.0615,105778.0,17225.079
159557.SZ,20260212,1.626,1.628,1.638,1.601,1.603,-0.023,-1.4145,93662.0,15117.834
159557.SZ,20260213,1.603,1.593,1.606,1.585,1.596,-0.007,-0.4367,59951.0,9553.769
159557.SZ,20260224,1.596,1.62,1.625,1.436,1.578,-0.018,-1.1278,65233.0,10388.603
159557.SZ,20260225,1.578,1.594,1.595,1.573,1.576,-0.002,-0.1267,75987.0,12018.026
159557.SZ,20260226,1.576,1.577,1.583,1.524,1.526,-0.05,-3.1726,97181.0,15073.459
159557.SZ,20260227,1.526,1.514,1.537,1.506,1.528,0.002,0.1311,127553.0,19457.597
159557.SZ,20260302,1.528,1.515,1.515,1.471,1.476,-0.052,-3.4031,108755.0,16154.487
159557.SZ,20260303,1.476,1.484,1.485,1.428,1.431,-0.045,-3.0488,192614.0,28093.078
159557.SZ,20260304,1.431,1.425,1.439,1.388,1.398,-0.033,-2.3061,243730.0,34304.95
159557.SZ,20260305,1.398,1.415,1.447,1.406,1.415,0.017,1.216,272114.0,38788.725
159557.SZ,20260306,1.415,1.416,1.47,1.408,1.464,0.049,3.4629,274297.0,39827.608
159557.SZ,20260309,1.464,1.44,1.448,1.406,1.434,-0.03,-2.0492,175914.0,25110.081
159557.SZ,20260310,1.434,1.464,1.494,1.454,1.493,0.059,4.1144,230924.0,34264.291
159557.SZ,20260311,1.493,1.498,1.505,1.464,1.468,-0.025,-1.6745,201146.0,29752.667
159557.SZ,20260312,1.468,1.465,1.485,1.427,1.44,-0.028,-1.9074,231985.0,33824.019
159557.SZ,20260313,1.44,1.438,1.447,1.419,1.42,-0.02,-1.3889,112914.0,16148.619
159557.SZ,20260316,1.42,1.428,1.461,1.41,1.46,0.04,2.8169,191767.0,27634.681
159557.SZ,20260317,1.46,1.46,1.505,1.459,1.464,0.004,0.274,162148.0,24049.605
159557.SZ,20260318,1.464,1.467,1.484,1.457,1.48,0.016,1.0929,166816.0,24533.197
159557.SZ,20260319,1.48,1.476,1.476,1.432,1.432,-0.048,-3.2432,92766.78,13430.103
159557.SZ,20260320,1.432,1.432,1.463,1.412,1.413,-0.019,-1.3268,160298.0,23073.326
159557.SZ,20260323,1.413,1.408,1.408,1.339,1.345,-0.068,-4.8125,226930.0,31052.866
159557.SZ,20260324,1.345,1.366,1.404,1.366,1.4,0.055,4.0892,318079.0,43896.952
159557.SZ,20260325,1.4,1.426,1.432,1.406,1.415,0.015,1.0714,208342.0,29555.926
159557.SZ,20260326,1.415,1.415,1.441,1.39,1.396,-0.019,-1.3428,171575.0,24341.41
159557.SZ,20260327,1.396,1.392,1.464,1.388,1.458,0.062,4.4413,427490.17,61169.115
159557.SZ,20260330,1.458,1.456,1.471,1.438,1.453,-0.005,-0.3429,250898.0,36530.011
159557.SZ,20260331,1.453,1.457,1.488,1.44,1.448,-0.005,-0.3441,363553.0,53307.708
159557.SZ,20260401,1.448,1.48,1.545,1.379,1.545,0.097,6.6989,484566.0,73491.879
159557.SZ,20260402,1.545,1.545,1.57,1.522,1.535,-0.01,-0.6472,531319.0,81850.461
159557.SZ,20260403,1.535,1.535,1.56,1.48,1.512,-0.023,-1.4984,63632.0,9761.956
159557.SZ,20260407,1.512,1.517,1.648,1.517,1.607,0.095,6.2831,3018594.0,485859.659
159557.SZ,20260408,1.607,1.659,1.669,1.538,1.542,-0.065,-4.0448,1325346.0,208220.068
159557.SZ,20260409,1.542,1.534,1.571,1.515,1.516,-0.026,-1.6861,1293248.0,198982.417
159557.SZ,20260410,1.516,1.525,1.533,1.515,1.518,0.002,0.1319,707399.0,107862.614
159557.SZ,20260413,1.518,1.51,1.521,1.497,1.498,-0.02,-1.3175,410401.0,61742.519
159557.SZ,20260414,1.498,1.505,1.514,1.487,1.508,0.01,0.6676,507444.0,76332.603
159557.SZ,20260415,1.508,1.526,1.561,1.526,1.559,0.051,3.382,914203.0,141308.324
159557.SZ,20260416,1.559,1.567,1.573,1.552,1.571,0.012,0.7697,417479.0,65311.093
159557.SZ,20260417,1.571,1.569,1.582,1.537,1.545,-0.026,-1.655,447491.0,69570.463
159557.SZ,20260420,1.545,1.551,1.56,1.54,1.547,0.002,0.1294,317385.0,49132.127
159557.SZ,20260421,1.547,1.543,1.557,1.529,1.537,-0.01,-0.6464,341380.0,52654.083
159557.SZ,20260422,1.537,1.528,1.545,1.519,1.522,-0.015,-0.9759,229286.0,35109.025
159557.SZ,20260423,1.522,1.515,1.53,1.47,1.471,-0.051,-3.3509,319846.0,47926.783
159557.SZ,20260424,1.471,1.461,1.484,1.435,1.473,0.002,0.136,345429.99,50588.325
159557.SZ,20260427,1.473,1.469,1.479,1.457,1.462,-0.011,-0.7468,207053.0,30380.338
159557.SZ,20260428,1.462,1.462,1.5,1.448,1.455,-0.007,-0.4788,276406.0,40888.137
159557.SZ,20260429,1.455,1.463,1.471,1.452,1.459,0.004,0.2749,189334.0,27641.108
589720.SH,20250801,0.997,0.993,1.022,0.992,0.993,-0.004,-0.4012,2721574.0,273930.621
589720.SH,20250804,0.993,0.989,0.995,0.967,0.987,-0.006,-0.6042,505400.0,49363.76
589720.SH,20250805,0.987,0.987,1.004,0.982,0.998,0.011,1.1145,482870.0,48088.585
589720.SH,20250806,0.998,1.004,1.02,1.0,1.013,0.015,1.503,1874897.0,189586.906
589720.SH,20250807,1.013,1.013,1.02,0.976,0.982,-0.031,-3.0602,582878.0,57883.191
589720.SH,20250808,0.982,0.982,0.983,0.958,0.974,-0.008,-0.8147,519008.0,50395.141
589720.SH,20250811,0.974,0.974,0.994,0.971,0.992,0.018,1.848,378452.0,37188.65
589720.SH,20250812,0.992,0.991,0.991,0.958,0.976,-0.016,-1.6129,548434.0,53136.218
589720.SH,20250813,0.976,0.975,1.018,0.969,1.015,0.039,3.9959,1275093.0,128048.067
589720.SH,20250814,1.015,1.018,1.034,1.012,1.019,0.004,0.3941,953534.0,97750.811
589720.SH,20250815,1.019,1.007,1.037,0.999,1.032,0.013,1.2758,536360.0,54938.138
589720.SH,20250818,1.032,1.031,1.053,1.027,1.052,0.02,1.938,595024.0,61830.657
589720.SH,20250819,1.052,1.052,1.071,1.031,1.036,-0.016,-1.5209,522494.0,55062.205
589720.SH,20250820,1.036,1.035,1.042,1.005,1.028,-0.008,-0.7722,461035.0,47079.533
589720.SH,20250821,1.028,1.028,1.046,1.023,1.03,0.002,0.1946,353080.0,36548.451
589720.SH,20250822,1.03,1.03,1.044,1.023,1.043,0.013,1.2621,383740.0,39618.255
589720.SH,20250825,1.043,1.05,1.08,1.044,1.063,0.02,1.9175,573384.0,60886.544
589720.SH,20250826,1.063,1.062,1.084,1.043,1.047,-0.016,-1.5052,560869.0,59539.141
589720.SH,20250827,1.047,1.041,1.07,1.025,1.028,-0.019,-1.8147,773011.0,81260.115
589720.SH,20250828,1.028,1.028,1.032,0.981,1.022,-0.006,-0.5837,872911.0,87791.906
589720.SH,20250829,1.022,1.02,1.074,1.01,1.056,0.034,3.3268,969367.0,100845.292
589720.SH,20250901,1.056,1.057,1.11,1.056,1.109,0.053,5.0189,1030622.0,112690.324
589720.SH,20250902,1.109,1.112,1.135,1.084,1.097,-0.012,-1.0821,994169.0,110353.643
589720.SH,20250903,1.097,1.088,1.127,1.088,1.119,0.022,2.0055,708636.0,78749.929
589720.SH,20250904,1.119,1.127,1.135,1.051,1.068,-0.051,-4.5576,960911.0,104558.707
589720.SH,20250905,1.068,1.076,1.123,1.045,1.121,0.053,4.9625,665996.58,72187.411
589720.SH,20250908,1.121,1.12,1.125,1.083,1.104,-0.017,-1.5165,643091.0,70974.725
589720.SH,20250909,1.104,1.094,1.146,1.075,1.08,-0.024,-2.1739,1150446.0,127967.912
589720.SH,20250910,1.08,1.073,1.103,1.065,1.079,-0.001,-0.0926,679276.0,73439.165
589720.SH,20250911,1.079,1.044,1.078,0.992,1.075,-0.004,-0.3707,1010039.0,105089.892
589720.SH,20250912,1.075,1.08,1.097,1.064,1.086,0.011,1.0233,882482.0,95400.602
589720.SH,20250915,1.086,1.085,1.099,1.078,1.081,-0.005,-0.4604,639867.0,69785.297
589720.SH,20250916,1.081,1.081,1.084,1.06,1.072,-0.009,-0.8326,615537.0,65922.844
589720.SH,20250917,1.072,1.07,1.082,1.058,1.067,-0.005,-0.4664,709515.0,75772.265
589720.SH,20250918,1.067,1.069,1.104,1.059,1.07,0.003,0.2812,1069276.0,116045.349
589720.SH,20250919,1.07,1.064,1.083,1.045,1.054,-0.016,-1.4953,715286.0,76051.36
589720.SH,20250922,1.054,1.058,1.07,1.042,1.053,-0.001,-0.0949,636434.0,67264.2
589720.SH,20250923,1.053,1.051,1.052,0.994,1.017,-0.036,-3.4188,1053018.0,107435.573
589720.SH,20250924,1.017,1.01,1.035,1.006,1.034,0.017,1.6716,575663.0,58970.013
589720.SH,20250925,1.034,1.036,1.063,1.034,1.038,0.004,0.3868,706416.0,74046.347
589720.SH,20250926,1.038,1.024,1.029,0.997,1.002,-0.036,-3.4682,1013307.0,102036.656
589720.SH,20250929,1.002,1.001,1.004,0.982,1.001,-0.001,-0.0998,623145.0,61921.786
589720.SH,20250930,1.001,1.001,1.026,1.0,1.024,0.023,2.2977,614140.0,62523.263
589720.SH,20251009,1.024,1.029,1.032,0.994,1.0,-0.024,-2.3438,993035.0,99474.579
589720.SH,20251010,1.0,0.996,1.0,0.957,0.964,-0.036,-3.6,1124746.0,109763.709
589720.SH,20251013,0.964,0.941,0.966,0.935,0.952,-0.012,-1.2448,601100.0,57128.997
589720.SH,20251014,0.952,0.956,0.961,0.914,0.918,-0.034,-3.5714,981140.0,91627.133
589720.SH,20251015,0.918,0.926,0.949,0.912,0.942,0.024,2.6144,812645.0,75885.113
589720.SH,20251016,0.942,0.942,0.977,0.936,0.954,0.012,1.2739,1116941.0,107266.348
589720.SH,20251017,0.954,0.956,0.965,0.933,0.937,-0.017,-1.782,877077.0,82851.195
589720.SH,20251020,0.937,0.942,0.955,0.927,0.936,-0.001,-0.1067,521448.0,48977.609
589720.SH,20251021,0.936,0.938,0.956,0.931,0.951,0.015,1.6026,763009.0,72133.824
589720.SH,20251022,0.951,0.952,0.97,0.94,0.942,-0.009,-0.9464,621487.0,59308.985
589720.SH,20251023,0.942,0.939,0.939,0.905,0.92,-0.022,-2.3355,1074585.0,98581.556
589720.SH,20251024,0.92,0.923,0.933,0.918,0.93,0.01,1.087,643309.0,59602.514
589720.SH,20251027,0.93,0.933,0.956,0.933,0.947,0.017,1.828,876628.0,83237.869
589720.SH,20251028,0.947,0.951,0.951,0.938,0.941,-0.006,-0.6336,615183.0,58138.988
589720.SH,20251029,0.941,0.945,0.945,0.92,0.934,-0.007,-0.7439,1087688.0,101157.913
589720.SH,20251030,0.934,0.935,0.935,0.916,0.922,-0.012,-1.2848,855826.0,79088.512
589720.SH,20251031,0.922,0.929,0.993,0.919,0.989,0.067,7.2668,2638723.0,255715.955
589720.SH,20251103,0.989,0.997,1.002,0.962,0.984,-0.005,-0.5056,2096897.0,205294.691
589720.SH,20251104,0.984,0.973,0.98,0.941,0.95,-0.034,-3.4553,1996927.0,190680.977
589720.SH,20251105,0.95,0.939,0.963,0.926,0.938,-0.012,-1.2632,2026728.0,190594.337
589720.SH,20251106,0.938,0.931,0.939,0.924,0.937,-0.001,-0.1066,1685581.0,157121.158
589720.SH,20251107,0.937,0.937,0.939,0.912,0.916,-0.021,-2.2412,2132258.0,196776.713
589720.SH,20251110,0.916,0.912,0.93,0.909,0.929,0.013,1.4192,1620229.0,149021.193
589720.SH,20251111,0.929,0.931,0.931,0.918,0.92,-0.009,-0.9688,1549198.0,142775.63
589720.SH,20251112,0.92,0.92,0.946,0.918,0.937,0.017,1.8478,2237488.0,209467.498
589720.SH,20251113,0.937,0.935,0.972,0.935,0.965,0.028,2.9883,2686584.0,256917.288
589720.SH,20251114,0.965,0.956,0.982,0.952,0.963,-0.002,-0.2073,2209702.0,213248.537
589720.SH,20251117,0.963,0.959,0.959,0.932,0.937,-0.026,-2.6999,1566153.0,147226.589
589720.SH,20251118,0.937,0.94,0.953,0.927,0.932,-0.005,-0.5336,1276805.0,119782.378
589720.SH,20251119,0.932,0.924,0.932,0.912,0.918,-0.014,-1.5021,1344144.0,123478.95
589720.SH,20251120,0.918,0.922,0.925,0.912,0.921,0.003,0.3268,1159735.0,106705.989
589720.SH,20251121,0.921,0.916,0.928,0.895,0.901,-0.02,-2.1716,1362366.0,123600.681
589720.SH,20251124,0.901,0.903,0.925,0.9,0.921,0.02,2.2198,1196362.0,109178.233
589720.SH,20251125,0.921,0.919,0.947,0.916,0.933,0.012,1.3029,1662213.0,156140.461
589720.SH,20251126,0.933,0.932,0.968,0.932,0.95,0.017,1.8221,1940142.0,185226.015
589720.SH,20251127,0.95,0.944,0.953,0.94,0.946,-0.004,-0.4211,1601680.0,151741.961
589720.SH,20251128,0.946,0.948,0.953,0.938,0.952,0.006,0.6342,1208451.0,114121.27
589720.SH,20251201,0.952,0.95,0.953,0.933,0.943,-0.009,-0.9454,1031547.0,96973.793
589720.SH,20251202,0.943,0.936,0.94,0.923,0.924,-0.019,-2.0148,657948.0,61108.636
589720.SH,20251203,0.924,0.924,0.931,0.912,0.918,-0.006,-0.6494,651967.0,59938.86
589720.SH,20251204,0.918,0.921,0.936,0.919,0.932,0.014,1.5251,810944.0,75452.465
589720.SH,20251205,0.932,0.93,0.936,0.918,0.935,0.003,0.3219,867449.0,80302.031
589720.SH,20251208,0.935,0.939,0.948,0.927,0.931,-0.004,-0.4278,729833.0,68273.101
589720.SH,20251209,0.931,0.93,0.947,0.925,0.927,-0.004,-0.4296,976882.0,91426.071
589720.SH,20251210,0.927,0.925,0.934,0.914,0.931,0.004,0.4315,1143030.0,105570.367
589720.SH,20251211,0.931,0.932,0.939,0.928,0.935,0.004,0.4296,1063228.0,99301.616
589720.SH,20251212,0.935,0.935,0.939,0.917,0.936,0.001,0.107,830021.0,76993.511
589720.SH,20251215,0.936,0.931,0.935,0.91,0.911,-0.025,-2.6709,945994.0,86840.259
589720.SH,20251216,0.911,0.915,0.915,0.892,0.895,-0.016,-1.7563,1202436.0,107995.633
589720.SH,20251217,0.895,0.893,0.907,0.889,0.904,0.009,1.0056,822023.0,73801.405
589720.SH,20251218,0.904,0.9,0.907,0.893,0.894,-0.01,-1.1062,678900.0,60997.553
589720.SH,20251219,0.894,0.895,0.923,0.893,0.911,0.017,1.9016,1037829.0,94643.764
589720.SH,20251222,0.911,0.914,0.914,0.903,0.91,-0.001,-0.1098,544673.0,49642.395
589720.SH,20251223,0.91,0.911,0.921,0.908,0.911,0.001,0.1099,674989.0,61723.916
589720.SH,20251224,0.911,0.91,0.92,0.906,0.913,0.002,0.2195,775309.0,70763.099
589720.SH,20251225,0.913,0.913,0.916,0.903,0.909,-0.004,-0.4381,818250.0,74237.704
589720.SH,20251226,0.909,0.908,0.914,0.902,0.91,0.001,0.11,767987.0,69727.777
589720.SH,20251229,0.91,0.909,0.911,0.897,0.899,-0.011,-1.2088,977675.0,88244.95
589720.SH,20251230,0.899,0.899,0.899,0.88,0.889,-0.01,-1.1123,1069069.0,94956.093
589720.SH,20251231,0.889,0.889,0.891,0.882,0.886,-0.003,-0.3375,630960.0,55887.02
589720.SH,20260105,0.886,0.888,0.94,0.88,0.936,0.05,5.6433,2132245.0,196429.319
589720.SH,20260106,0.936,0.936,0.943,0.927,0.937,0.001,0.1068,1101141.0,103007.137
589720.SH,20260107,0.937,0.936,0.978,0.936,0.975,0.038,4.0555,1513224.0,146017.515
589720.SH,20260108,0.975,0.977,0.985,0.965,0.967,-0.008,-0.8205,1330230.0,129469.584
589720.SH,20260109,0.967,0.967,1.006,0.96,1.004,0.037,3.8263,1513952.0,148749.977
589720.SH,20260112,1.004,1.016,1.017,0.984,0.997,-0.007,-0.6972,1257176.0,124895.552
589720.SH,20260113,0.997,1.015,1.031,0.999,1.0,0.003,0.3009,1152914.0,117008.585
589720.SH,20260114,1.0,1.0,1.014,0.969,0.986,-0.014,-1.4,1771324.0,176325.993
589720.SH,20260115,0.986,0.978,0.985,0.963,0.968,-0.018,-1.8256,1269205.0,123479.948
589720.SH,20260116,0.968,0.971,0.984,0.959,0.965,-0.003,-0.3099,1057904.0,102327.331
589720.SH,20260119,0.965,0.961,0.965,0.944,0.948,-0.017,-1.7617,1185160.09,112824.423
589720.SH,20260120,0.948,0.953,0.954,0.922,0.929,-0.019,-2.0042,1539442.0,143722.889
589720.SH,20260121,0.929,0.928,0.942,0.924,0.933,0.004,0.4306,1212454.0,113218.093
589720.SH,20260122,0.933,0.936,0.938,0.91,0.915,-0.018,-1.9293,2032763.14,186878.888
589720.SH,20260123,0.915,0.918,0.934,0.913,0.93,0.015,1.6393,1568066.91,145137.553
589720.SH,20260126,0.93,0.933,0.936,0.908,0.921,-0.009,-0.9677,2379197.0,218163.114
589720.SH,20260127,0.921,0.921,0.929,0.897,0.923,0.002,0.2172,1927008.0,175297.226
589720.SH,20260128,0.923,0.919,0.926,0.908,0.916,-0.007,-0.7584,1227809.0,112330.744
589720.SH,20260129,0.916,0.913,0.919,0.897,0.904,-0.012,-1.31,2104128.0,190610.017
589720.SH,20260130,0.904,0.906,0.922,0.889,0.89,-0.014,-1.5487,2612579.0,234925.842
589720.SH,20260202,0.89,0.888,0.893,0.86,0.863,-0.027,-3.0337,3018500.0,264533.889
589720.SH,20260203,0.863,0.865,0.873,0.852,0.873,0.01,1.1587,1998011.0,172467.668
589720.SH,20260204,0.873,0.868,0.882,0.858,0.881,0.008,0.9164,1999538.0,173880.382
589720.SH,20260205,0.881,0.874,0.884,0.872,0.878,-0.003,-0.3405,1419420.0,124469.498
589720.SH,20260206,0.878,0.874,0.888,0.865,0.878,0.0,0.0,1406230.0,123698.664
589720.SH,20260209,0.878,0.88,0.89,0.878,0.881,0.003,0.3417,1200518.0,105950.145
589720.SH,20260210,0.881,0.879,0.909,0.878,0.899,0.018,2.0431,2461528.0,220961.166
589720.SH,20260211,0.899,0.896,0.907,0.894,0.896,-0.003,-0.3337,1270797.0,114264.804
589720.SH,20260212,0.896,0.893,0.899,0.889,0.89,-0.006,-0.6696,883817.73,78857.9
589720.SH,20260213,0.89,0.889,0.896,0.88,0.881,-0.009,-1.0112,1025155.43,91233.46
589720.SH,20260224,0.881,0.89,0.894,0.87,0.873,-0.008,-0.9081,986456.55,86325.049
589720.SH,20260225,0.873,0.873,0.878,0.865,0.877,0.004,0.4582,1460277.0,127114.669
589720.SH,20260226,0.877,0.873,0.875,0.855,0.858,-0.019,-2.1665,1604645.0,138233.069
589720.SH,20260227,0.858,0.854,0.862,0.851,0.858,0.0,0.0,680588.0,58331.706
589720.SH,20260302,0.858,0.846,0.854,0.828,0.83,-0.028,-3.2634,1695513.0,141765.168
589720.SH,20260303,0.83,0.83,0.835,0.791,0.793,-0.037,-4.4578,2152575.0,173777.814
589720.SH,20260304,0.793,0.783,0.802,0.783,0.794,0.001,0.1261,1351553.0,107415.238
589720.SH,20260305,0.794,0.804,0.814,0.793,0.805,0.011,1.3854,1193868.88,95893.752
589720.SH,20260306,0.805,0.804,0.836,0.8,0.832,0.027,3.354,1559076.0,128499.446
589720.SH,20260309,0.832,0.818,0.826,0.805,0.821,-0.011,-1.3221,1517756.57,123894.044
589720.SH,20260310,0.821,0.826,0.862,0.825,0.861,0.04,4.8721,2657098.57,226701.036
589720.SH,20260311,0.861,0.863,0.864,0.844,0.848,-0.013,-1.5099,1405265.0,119531.719
589720.SH,20260312,0.848,0.841,0.847,0.824,0.831,-0.017,-2.0047,1513282.0,126142.705
589720.SH,20260313,0.831,0.829,0.836,0.82,0.824,-0.007,-0.8424,1156871.0,95554.163
589720.SH,20260316,0.824,0.822,0.838,0.815,0.838,0.014,1.699,1452435.0,120209.605
589720.SH,20260317,0.838,0.834,0.867,0.832,0.844,0.006,0.716,2179622.0,185825.999
589720.SH,20260318,0.844,0.842,0.862,0.839,0.86,0.016,1.8957,1636881.0,139662.758
589720.SH,20260319,0.86,0.85,0.859,0.84,0.844,-0.016,-1.8605,1538462.0,130833.127
589720.SH,20260320,0.844,0.842,0.86,0.826,0.826,-0.018,-2.1327,1266479.0,106688.603
589720.SH,20260323,0.826,0.809,0.823,0.785,0.79,-0.036,-4.3584,1589092.0,127876.872
589720.SH,20260324,0.79,0.797,0.828,0.797,0.827,0.037,4.6835,2311809.0,188621.9
589720.SH,20260325,0.827,0.828,0.844,0.824,0.827,0.0,0.0,1639844.0,136438.436
589720.SH,20260326,0.827,0.829,0.846,0.82,0.824,-0.003,-0.3628,1873054.0,156221.309
589720.SH,20260327,0.824,0.814,0.882,0.814,0.878,0.054,6.5534,5237350.0,450995.464
589720.SH,20260330,0.878,0.864,0.898,0.864,0.882,0.004,0.4556,3743875.19,330948.603
589720.SH,20260331,0.882,0.882,0.901,0.872,0.876,-0.006,-0.6803,2232494.0,197477.224
589720.SH,20260401,0.876,0.886,0.942,0.882,0.941,0.065,7.4201,4696612.17,431261.863
589720.SH,20260402,0.941,0.94,0.965,0.924,0.954,0.013,1.3815,4168754.78,394374.263
589720.SH,20260403,0.954,0.929,0.945,0.926,0.937,-0.017,-1.782,2828747.96,264657.979
589720.SH,20260407,0.937,0.935,0.942,0.9,0.921,-0.016,-1.7076,3163048.0,291674.615
589720.SH,20260408,0.921,0.936,0.948,0.918,0.94,0.019,2.063,3327123.0,310082.295
589720.SH,20260409,0.94,0.938,0.947,0.917,0.919,-0.021,-2.234,2372129.84,219949.279
589720.SH,20260410,0.919,0.917,0.938,0.912,0.919,0.0,0.0,2861185.0,264344.436
589720.SH,20260413,0.919,0.918,0.938,0.91,0.926,0.007,0.7617,2182841.0,202440.827
589720.SH,20260414,0.926,0.929,0.933,0.91,0.932,0.006,0.6479,2576707.0,237725.391
589720.SH,20260415,0.932,0.957,0.975,0.926,0.968,0.036,3.8627,4216379.0,400739.788
589720.SH,20260416,0.968,0.961,0.981,0.95,0.976,0.008,0.8264,3454788.81,334290.502
589720.SH,20260417,0.976,0.964,0.971,0.944,0.954,-0.022,-2.2541,2955253.71,282056.664
589720.SH,20260420,0.954,0.95,0.97,0.942,0.946,-0.008,-0.8386,2384316.0,227063.364
589720.SH,20260421,0.946,0.941,0.953,0.927,0.931,-0.015,-1.5856,2414061.0,225714.651
589720.SH,20260422,0.931,0.928,0.948,0.922,0.945,0.014,1.5038,2462513.0,230280.808
589720.SH,20260423,0.945,0.941,0.944,0.912,0.92,-0.025,-2.6455,3109663.52,287856.526
589720.SH,20260424,0.92,0.913,0.922,0.901,0.909,-0.011,-1.1957,2178821.74,198883.563
589720.SH,20260427,0.909,0.906,0.918,0.897,0.914,0.005,0.5501,1862852.55,168846.197
589720.SH,20260428,0.914,0.917,0.932,0.9,0.903,-0.011,-1.2035,2701435.97,247616.846
589720.SH,20260429,0.903,0.902,0.908,0.889,0.902,-0.001,-0.1107,2075753.47,186475.279
